condition,face_idx,slug,lpips,score
cn_only,0,snowy_mountain,0.8102830052375793,0.18971699476242065
cn_only,1,canyon,0.7825073599815369,0.21749264001846313
cn_only,2,sand_dune,0.7776148915290833,0.22238510847091675
cn_only,3,desert,0.7037113308906555,0.2962886691093445
cn_only,4,mountain_stream,0.8073018789291382,0.19269812107086182
cn_only,5,sky,0.792237401008606,0.20776259899139404
cn_only,6,village_mountains,0.7315999269485474,0.26840007305145264
cn_only,7,forest,0.8035783767700195,0.19642162322998047
cn_only,8,ancient_ruins,0.8072919249534607,0.1927080750465393
cn_only,9,city_street,0.816277801990509,0.18372219800949097
cn_only,10,waterfall,0.761237382888794,0.23876261711120605
cn_only,11,sea_cliff,0.841021716594696,0.15897828340530396
cn_only,12,volcano,0.8236143589019775,0.17638564109802246
cn_only,13,glacier,0.8025574684143066,0.19744253158569336
cn_only,14,cave_entrance,0.7517092227935791,0.2482907772064209
cn_only,15,beach,0.8288943767547607,0.17110562324523926
cn_only,16,ocean_waves,0.8090891242027283,0.19091087579727173
cn_only,17,iceberg,0.8163438439369202,0.18365615606307983
cn_only,18,fjord,0.7834852337837219,0.21651476621627808
cn_only,19,tropical_lagoon,0.819305956363678,0.18069404363632202
cn_only,20,desert_oasis,0.7331085205078125,0.2668914794921875
cn_only,21,hot_springs,0.8200149536132812,0.17998504638671875
cn_only,22,geyser,0.7723157405853271,0.22768425941467285
cn_only,23,aurora,0.8483359813690186,0.15166401863098145
cn_only,24,starry_night,0.7671691179275513,0.23283088207244873
cn_only,25,sunset_hills,0.8450577259063721,0.15494227409362793
cn_only,26,storm_clouds,0.7878955602645874,0.2121044397354126
cn_only,27,lightning_storm,0.8091126084327698,0.19088739156723022
cn_only,28,foggy_valley,0.7975016832351685,0.20249831676483154
cn_only,29,misty_morning,0.8197260499000549,0.18027395009994507
cn_only,30,rainforest,0.7467592358589172,0.25324076414108276
cn_only,31,bamboo_forest,0.8385995626449585,0.1614004373550415
cn_only,32,autumn_forest,0.827508807182312,0.172491192817688
cn_only,33,winter_forest,0.8258645534515381,0.17413544654846191
cn_only,34,pine_forest,0.8049278855323792,0.19507211446762085
cn_only,35,misty_forest,0.820765495300293,0.17923450469970703
cn_only,36,moonlit_forest,0.8070234060287476,0.19297659397125244
cn_only,37,wildflower_meadow,0.8113529682159424,0.18864703178405762
cn_only,38,lavender_field,0.7797291278839111,0.22027087211608887
cn_only,39,sunflower_field,0.8074218034744263,0.19257819652557373
cn_only,40,wheat_field,0.8166592121124268,0.18334078788757324
cn_only,41,rice_terraces,0.8111279010772705,0.1888720989227295
cn_only,42,vineyard,0.8137311339378357,0.1862688660621643
cn_only,43,tea_plantation,0.8647794723510742,0.13522052764892578
cn_only,44,cherry_blossom,0.7592983245849609,0.24070167541503906
cn_only,45,ancient_oak,0.8078950643539429,0.19210493564605713
cn_only,46,willow_tree,0.8309037685394287,0.1690962314605713
cn_only,47,baobab_tree,0.7956955432891846,0.20430445671081543
cn_only,48,overgrown_garden,0.7873657941818237,0.21263420581817627
cn_only,49,mesa,0.7613028287887573,0.23869717121124268
cn_only,50,rock_arch,0.7508797645568848,0.24912023544311523
cn_only,51,hoodoos,0.7723778486251831,0.2276221513748169
cn_only,52,sea_stacks,0.7809734344482422,0.2190265655517578
cn_only,53,salt_flat,0.8145045042037964,0.1854954957962036
cn_only,54,crystal_cave,0.7835959792137146,0.2164040207862854
cn_only,55,basalt_columns,0.7886860966682434,0.2113139033317566
cn_only,56,badlands,0.843367338180542,0.156632661819458
cn_only,57,high_plateau,0.8191847801208496,0.1808152198791504
cn_only,58,limestone_cliff,0.7739359140396118,0.22606408596038818
cn_only,59,medieval_castle,0.7716965079307556,0.22830349206924438
cn_only,60,gothic_cathedral,0.7643976807594299,0.23560231924057007
cn_only,61,roman_ruins,0.7789378762245178,0.22106212377548218
cn_only,62,japanese_temple,0.8408901691436768,0.15910983085632324
cn_only,63,chinese_pagoda,0.7560631036758423,0.24393689632415771
cn_only,64,jungle_temple,0.900452196598053,0.09954780340194702
cn_only,65,lighthouse,0.7775208353996277,0.22247916460037231
cn_only,66,stone_bridge,0.8250048160552979,0.17499518394470215
cn_only,67,abandoned_factory,0.7982505559921265,0.20174944400787354
cn_only,68,old_train_station,0.7954681515693665,0.20453184843063354
cn_only,69,moroccan_market,0.8242156505584717,0.17578434944152832
cn_only,70,venetian_canal,0.8166512846946716,0.18334871530532837
cn_only,71,parisian_street,0.8400816917419434,0.15991830825805664
cn_only,72,tuscan_village,0.7895302772521973,0.21046972274780273
cn_only,73,alpine_village,0.812066912651062,0.187933087348938
cn_only,74,nordic_village,0.8363864421844482,0.16361355781555176
cn_only,75,english_countryside,0.7679873704910278,0.23201262950897217
cn_only,76,harbor_dusk,0.7552700042724609,0.24472999572753906
cn_only,77,rooftop_city,0.868897020816803,0.13110297918319702
cn_only,78,skyline_night,0.8348159790039062,0.16518402099609375
cn_only,79,subway_tunnel,0.7985789179801941,0.2014210820198059
cn_only,80,back_alley,0.8043932318687439,0.1956067681312561
cn_only,81,stormy_sea,0.8044277429580688,0.19557225704193115
cn_only,82,calm_lake,0.791901171207428,0.20809882879257202
cn_only,83,frozen_lake,0.8189540505409241,0.18104594945907593
cn_only,84,reflection_pond,0.7735029458999634,0.22649705410003662
cn_only,85,coral_reef,0.8579790592193604,0.14202094078063965
cn_only,86,mangrove_forest,0.7750416994094849,0.22495830059051514
cn_only,87,misty_swamp,0.7825847864151001,0.2174152135848999
cn_only,88,arctic_tundra,0.7823452353477478,0.2176547646522522
cn_only,89,african_savanna,0.7384734153747559,0.26152658462524414
cn_only,90,twilight_plain,0.8195863366127014,0.18041366338729858
cn_only,91,golden_hour_field,0.7838258743286133,0.21617412567138672
cn_only,92,sunrise_mountains,0.745907723903656,0.254092276096344
cn_only,93,rainbow_valley,0.7886288166046143,0.21137118339538574
cn_only,94,tornado_plains,0.7517576217651367,0.24824237823486328
cn_only,95,starry_desert,0.787594199180603,0.21240580081939697
cn_only,96,weathered_stone,0.6940695643424988,0.3059304356575012
cn_only,97,tree_bark,0.7999839782714844,0.20001602172851562
cn_only,98,cracked_earth,0.811567485332489,0.188432514667511
cn_only,99,ivy_wall,0.7612097263336182,0.23879027366638184
cn_ptd,0,snowy_mountain,0.6531924605369568,0.3468075394630432
cn_ptd,1,canyon,0.5821948051452637,0.41780519485473633
cn_ptd,2,sand_dune,0.6922845840454102,0.30771541595458984
cn_ptd,3,desert,0.6841079592704773,0.3158920407295227
cn_ptd,4,mountain_stream,0.7449444532394409,0.2550555467605591
cn_ptd,5,sky,0.6744781732559204,0.3255218267440796
cn_ptd,6,village_mountains,0.661846399307251,0.338153600692749
cn_ptd,7,forest,0.7947719097137451,0.20522809028625488
cn_ptd,8,ancient_ruins,0.7505507469177246,0.2494492530822754
cn_ptd,9,city_street,0.7529886960983276,0.24701130390167236
cn_ptd,10,waterfall,0.6906579732894897,0.30934202671051025
cn_ptd,11,sea_cliff,0.748469889163971,0.25153011083602905
cn_ptd,12,volcano,0.7908902168273926,0.20910978317260742
cn_ptd,13,glacier,0.6962885856628418,0.3037114143371582
cn_ptd,14,cave_entrance,0.6630640625953674,0.33693593740463257
cn_ptd,15,beach,0.732003390789032,0.267996609210968
cn_ptd,16,ocean_waves,0.6492547392845154,0.3507452607154846
cn_ptd,17,iceberg,0.687982439994812,0.312017560005188
cn_ptd,18,fjord,0.6564458608627319,0.34355413913726807
cn_ptd,19,tropical_lagoon,0.7106835246086121,0.28931647539138794
cn_ptd,20,desert_oasis,0.6372328996658325,0.3627671003341675
cn_ptd,21,hot_springs,0.7993996739387512,0.20060032606124878
cn_ptd,22,geyser,0.7259256839752197,0.2740743160247803
cn_ptd,23,aurora,0.6776836514472961,0.32231634855270386
cn_ptd,24,starry_night,0.7220279574394226,0.2779720425605774
cn_ptd,25,sunset_hills,0.665286660194397,0.334713339805603
cn_ptd,26,storm_clouds,0.7258728742599487,0.27412712574005127
cn_ptd,27,lightning_storm,0.7007492780685425,0.2992507219314575
cn_ptd,28,foggy_valley,0.7087085247039795,0.2912914752960205
cn_ptd,29,misty_morning,0.732757031917572,0.267242968082428
cn_ptd,30,rainforest,0.6781042814254761,0.3218957185745239
cn_ptd,31,bamboo_forest,0.7763683199882507,0.22363168001174927
cn_ptd,32,autumn_forest,0.8229536414146423,0.17704635858535767
cn_ptd,33,winter_forest,0.7388771176338196,0.2611228823661804
cn_ptd,34,pine_forest,0.771344780921936,0.22865521907806396
cn_ptd,35,misty_forest,0.7637010812759399,0.23629891872406006
cn_ptd,36,moonlit_forest,0.7091082334518433,0.29089176654815674
cn_ptd,37,wildflower_meadow,0.7568647861480713,0.2431352138519287
cn_ptd,38,lavender_field,0.7184406518936157,0.2815593481063843
cn_ptd,39,sunflower_field,0.7606068849563599,0.23939311504364014
cn_ptd,40,wheat_field,0.7549604177474976,0.24503958225250244
cn_ptd,41,rice_terraces,0.6477261781692505,0.3522738218307495
cn_ptd,42,vineyard,0.6299307346343994,0.3700692653656006
cn_ptd,43,tea_plantation,0.7791245579719543,0.22087544202804565
cn_ptd,44,cherry_blossom,0.7467763423919678,0.2532236576080322
cn_ptd,45,ancient_oak,0.7314570546150208,0.26854294538497925
cn_ptd,46,willow_tree,0.7508271932601929,0.24917280673980713
cn_ptd,47,baobab_tree,0.7137648463249207,0.28623515367507935
cn_ptd,48,overgrown_garden,0.6656802892684937,0.33431971073150635
cn_ptd,49,mesa,0.6232401132583618,0.3767598867416382
cn_ptd,50,rock_arch,0.6769421100616455,0.3230578899383545
cn_ptd,51,hoodoos,0.6833568811416626,0.3166431188583374
cn_ptd,52,sea_stacks,0.6812556982040405,0.3187443017959595
cn_ptd,53,salt_flat,0.6301006078720093,0.3698993921279907
cn_ptd,54,crystal_cave,0.7049078345298767,0.2950921654701233
cn_ptd,55,basalt_columns,0.7394111156463623,0.2605888843536377
cn_ptd,56,badlands,0.6877580881118774,0.31224191188812256
cn_ptd,57,high_plateau,0.6149494647979736,0.38505053520202637
cn_ptd,58,limestone_cliff,0.6193453073501587,0.3806546926498413
cn_ptd,59,medieval_castle,0.6833449006080627,0.31665509939193726
cn_ptd,60,gothic_cathedral,0.7330375909805298,0.2669624090194702
cn_ptd,61,roman_ruins,0.7203388810157776,0.2796611189842224
cn_ptd,62,japanese_temple,0.6846327781677246,0.3153672218322754
cn_ptd,63,chinese_pagoda,0.7062070965766907,0.2937929034233093
cn_ptd,64,jungle_temple,0.7688746452331543,0.2311253547668457
cn_ptd,65,lighthouse,0.7627598643302917,0.23724013566970825
cn_ptd,66,stone_bridge,0.6777728796005249,0.3222271203994751
cn_ptd,67,abandoned_factory,0.7454894781112671,0.2545105218887329
cn_ptd,68,old_train_station,0.7353028059005737,0.26469719409942627
cn_ptd,69,moroccan_market,0.7461087107658386,0.2538912892341614
cn_ptd,70,venetian_canal,0.7090576887130737,0.29094231128692627
cn_ptd,71,parisian_street,0.7349774837493896,0.26502251625061035
cn_ptd,72,tuscan_village,0.7741380929946899,0.22586190700531006
cn_ptd,73,alpine_village,0.6980946063995361,0.30190539360046387
cn_ptd,74,nordic_village,0.7126437425613403,0.28735625743865967
cn_ptd,75,english_countryside,0.6613139510154724,0.3386860489845276
cn_ptd,76,harbor_dusk,0.692244827747345,0.30775517225265503
cn_ptd,77,rooftop_city,0.8026822209358215,0.19731777906417847
cn_ptd,78,skyline_night,0.7280106544494629,0.2719893455505371
cn_ptd,79,subway_tunnel,0.6787959337234497,0.3212040662765503
cn_ptd,80,back_alley,0.7165113687515259,0.2834886312484741
cn_ptd,81,stormy_sea,0.6941962242126465,0.3058037757873535
cn_ptd,82,calm_lake,0.7517958879470825,0.24820411205291748
cn_ptd,83,frozen_lake,0.7219653725624084,0.27803462743759155
cn_ptd,84,reflection_pond,0.7353187799453735,0.26468122005462646
cn_ptd,85,coral_reef,0.7333659529685974,0.2666340470314026
cn_ptd,86,mangrove_forest,0.6919561624526978,0.30804383754730225
cn_ptd,87,misty_swamp,0.6795258522033691,0.32047414779663086
cn_ptd,88,arctic_tundra,0.7260407209396362,0.27395927906036377
cn_ptd,89,african_savanna,0.6584701538085938,0.34152984619140625
cn_ptd,90,twilight_plain,0.7434387803077698,0.2565612196922302
cn_ptd,91,golden_hour_field,0.7627954483032227,0.23720455169677734
cn_ptd,92,sunrise_mountains,0.6594849824905396,0.34051501750946045
cn_ptd,93,rainbow_valley,0.6842942237854004,0.3157057762145996
cn_ptd,94,tornado_plains,0.5845009088516235,0.41549909114837646
cn_ptd,95,starry_desert,0.7241088151931763,0.27589118480682373
cn_ptd,96,weathered_stone,0.5998732447624207,0.40012675523757935
cn_ptd,97,tree_bark,0.6550343036651611,0.34496569633483887
cn_ptd,98,cracked_earth,0.6941823959350586,0.3058176040649414
cn_ptd,99,ivy_wall,0.6585899591445923,0.3414100408554077
ptd_only,0,snowy_mountain,0.7494891881942749,0.2505108118057251
ptd_only,1,canyon,0.7126048803329468,0.2873951196670532
ptd_only,2,sand_dune,0.7307154536247253,0.26928454637527466
ptd_only,3,desert,0.4325414299964905,0.5674585700035095
ptd_only,4,mountain_stream,0.4170251488685608,0.5829748511314392
ptd_only,5,sky,0.7240570783615112,0.27594292163848877
ptd_only,6,village_mountains,0.7501449584960938,0.24985504150390625
ptd_only,7,forest,0.7006363272666931,0.2993636727333069
ptd_only,8,ancient_ruins,0.6978146433830261,0.3021853566169739
ptd_only,9,city_street,0.4262339174747467,0.5737660825252533
ptd_only,10,waterfall,0.7385984659194946,0.26140153408050537
ptd_only,11,sea_cliff,0.6198617815971375,0.38013821840286255
ptd_only,12,volcano,0.33615642786026,0.66384357213974
ptd_only,13,glacier,0.5806366205215454,0.4193633794784546
ptd_only,14,cave_entrance,0.7604907751083374,0.2395092248916626
ptd_only,15,beach,0.3465491235256195,0.6534508764743805
ptd_only,16,ocean_waves,0.7475996017456055,0.25240039825439453
ptd_only,17,iceberg,0.49577489495277405,0.504225105047226
ptd_only,18,fjord,0.4079423248767853,0.5920576751232147
ptd_only,19,tropical_lagoon,0.4091704487800598,0.5908295512199402
ptd_only,20,desert_oasis,0.5391980409622192,0.46080195903778076
ptd_only,21,hot_springs,0.7100778818130493,0.2899221181869507
ptd_only,22,geyser,0.6563854813575745,0.34361451864242554
ptd_only,23,aurora,0.7128937244415283,0.2871062755584717
ptd_only,24,starry_night,0.8080639839172363,0.19193601608276367
ptd_only,25,sunset_hills,0.4683128595352173,0.5316871404647827
ptd_only,26,storm_clouds,0.7845234870910645,0.21547651290893555
ptd_only,27,lightning_storm,0.6302661895751953,0.3697338104248047
ptd_only,28,foggy_valley,0.7784328460693359,0.22156715393066406
ptd_only,29,misty_morning,0.6152413487434387,0.3847586512565613
ptd_only,30,rainforest,0.7330660223960876,0.26693397760391235
ptd_only,31,bamboo_forest,0.6156139373779297,0.3843860626220703
ptd_only,32,autumn_forest,0.34145697951316833,0.6585430204868317
ptd_only,33,winter_forest,0.7286672592163086,0.2713327407836914
ptd_only,34,pine_forest,0.5990679860115051,0.4009320139884949
ptd_only,35,misty_forest,0.3908326029777527,0.6091673970222473
ptd_only,36,moonlit_forest,0.5072695016860962,0.4927304983139038
ptd_only,37,wildflower_meadow,0.4962258040904999,0.5037741959095001
ptd_only,38,lavender_field,0.49337291717529297,0.506627082824707
ptd_only,39,sunflower_field,0.3781002461910248,0.6218997538089752
ptd_only,40,wheat_field,0.7318711876869202,0.26812881231307983
ptd_only,41,rice_terraces,0.5446588397026062,0.4553411602973938
ptd_only,42,vineyard,0.7205020189285278,0.27949798107147217
ptd_only,43,tea_plantation,0.7344000339508057,0.26559996604919434
ptd_only,44,cherry_blossom,0.698239803314209,0.301760196685791
ptd_only,45,ancient_oak,0.8287262916564941,0.17127370834350586
ptd_only,46,willow_tree,0.5665827989578247,0.4334172010421753
ptd_only,47,baobab_tree,0.5947411060333252,0.4052588939666748
ptd_only,48,overgrown_garden,0.7595371603965759,0.24046283960342407
ptd_only,49,mesa,0.4618891179561615,0.5381108820438385
ptd_only,50,rock_arch,0.6127855181694031,0.3872144818305969
ptd_only,51,hoodoos,0.35658979415893555,0.6434102058410645
ptd_only,52,sea_stacks,0.46299561858177185,0.5370043814182281
ptd_only,53,salt_flat,0.5284464955329895,0.4715535044670105
ptd_only,54,crystal_cave,0.37094762921333313,0.6290523707866669
ptd_only,55,basalt_columns,0.4692871868610382,0.5307128131389618
ptd_only,56,badlands,0.6036193370819092,0.3963806629180908
ptd_only,57,high_plateau,0.31883230805397034,0.6811676919460297
ptd_only,58,limestone_cliff,0.5416197180747986,0.4583802819252014
ptd_only,59,medieval_castle,0.7399815320968628,0.2600184679031372
ptd_only,60,gothic_cathedral,0.6635916233062744,0.3364083766937256
ptd_only,61,roman_ruins,0.692807137966156,0.307192862033844
ptd_only,62,japanese_temple,0.6282053589820862,0.3717946410179138
ptd_only,63,chinese_pagoda,0.47925087809562683,0.5207491219043732
ptd_only,64,jungle_temple,0.8753910064697266,0.12460899353027344
ptd_only,65,lighthouse,0.5138282179832458,0.48617178201675415
ptd_only,66,stone_bridge,0.7155896425247192,0.28441035747528076
ptd_only,67,abandoned_factory,0.3772863447666168,0.6227136552333832
ptd_only,68,old_train_station,0.6707206964492798,0.3292793035507202
ptd_only,69,moroccan_market,0.5508695840835571,0.44913041591644287
ptd_only,70,venetian_canal,0.44600188732147217,0.5539981126785278
ptd_only,71,parisian_street,0.7177077531814575,0.2822922468185425
ptd_only,72,tuscan_village,0.7283596396446228,0.2716403603553772
ptd_only,73,alpine_village,0.3232743740081787,0.6767256259918213
ptd_only,74,nordic_village,0.4677717685699463,0.5322282314300537
ptd_only,75,english_countryside,0.5050788521766663,0.49492114782333374
ptd_only,76,harbor_dusk,0.7534226179122925,0.24657738208770752
ptd_only,77,rooftop_city,0.38526999950408936,0.6147300004959106
ptd_only,78,skyline_night,0.499116986989975,0.500883013010025
ptd_only,79,subway_tunnel,0.7213545441627502,0.27864545583724976
ptd_only,80,back_alley,0.7613758444786072,0.23862415552139282
ptd_only,81,stormy_sea,0.7348013520240784,0.26519864797592163
ptd_only,82,calm_lake,0.5144506096839905,0.4855493903160095
ptd_only,83,frozen_lake,0.7119926810264587,0.28800731897354126
ptd_only,84,reflection_pond,0.5184509754180908,0.4815490245819092
ptd_only,85,coral_reef,0.46238580346107483,0.5376141965389252
ptd_only,86,mangrove_forest,0.7440437078475952,0.2559562921524048
ptd_only,87,misty_swamp,0.7288503646850586,0.2711496353149414
ptd_only,88,arctic_tundra,0.6969863176345825,0.3030136823654175
ptd_only,89,african_savanna,0.3643757104873657,0.6356242895126343
ptd_only,90,twilight_plain,0.40971097350120544,0.5902890264987946
ptd_only,91,golden_hour_field,0.4965568780899048,0.5034431219100952
ptd_only,92,sunrise_mountains,0.3560123145580292,0.6439876854419708
ptd_only,93,rainbow_valley,0.7435905933380127,0.2564094066619873
ptd_only,94,tornado_plains,0.42350929975509644,0.5764907002449036
ptd_only,95,starry_desert,0.4858109652996063,0.5141890347003937
ptd_only,96,weathered_stone,0.6723911762237549,0.3276088237762451
ptd_only,97,tree_bark,0.5703030824661255,0.4296969175338745
ptd_only,98,cracked_earth,0.5543909668922424,0.44560903310775757
ptd_only,99,ivy_wall,0.3381556570529938,0.6618443429470062
vanilla,0,snowy_mountain,0.09001189470291138,0.9099881052970886
vanilla,1,canyon,0.03486361354589462,0.9651363864541054
vanilla,2,sand_dune,0.046650707721710205,0.9533492922782898
vanilla,3,desert,0.08168470114469528,0.9183152988553047
vanilla,4,mountain_stream,0.11694934964179993,0.8830506503582001
vanilla,5,sky,0.06834184378385544,0.9316581562161446
vanilla,6,village_mountains,0.08142022788524628,0.9185797721147537
vanilla,7,forest,0.0850544422864914,0.9149455577135086
vanilla,8,ancient_ruins,0.08817794919013977,0.9118220508098602
vanilla,9,city_street,0.095412977039814,0.904587022960186
vanilla,10,waterfall,0.08249801397323608,0.9175019860267639
vanilla,11,sea_cliff,0.08717434108257294,0.9128256589174271
vanilla,12,volcano,0.07579461485147476,0.9242053851485252
vanilla,13,glacier,0.08599941432476044,0.9140005856752396
vanilla,14,cave_entrance,0.09901940822601318,0.9009805917739868
vanilla,15,beach,0.09856309741735458,0.9014369025826454
vanilla,16,ocean_waves,0.08185596764087677,0.9181440323591232
vanilla,17,iceberg,0.09081926196813583,0.9091807380318642
vanilla,18,fjord,0.0760321170091629,0.9239678829908371
vanilla,19,tropical_lagoon,0.09200584888458252,0.9079941511154175
vanilla,20,desert_oasis,0.0741625428199768,0.9258374571800232
vanilla,21,hot_springs,0.09313032776117325,0.9068696722388268
vanilla,22,geyser,0.10711351782083511,0.8928864821791649
vanilla,23,aurora,0.09347938001155853,0.9065206199884415
vanilla,24,starry_night,0.061086900532245636,0.9389130994677544
vanilla,25,sunset_hills,0.10570874810218811,0.8942912518978119
vanilla,26,storm_clouds,0.06619492918252945,0.9338050708174706
vanilla,27,lightning_storm,0.08638280630111694,0.9136171936988831
vanilla,28,foggy_valley,0.08323903381824493,0.9167609661817551
vanilla,29,misty_morning,0.0775981917977333,0.9224018082022667
vanilla,30,rainforest,0.07582083344459534,0.9241791665554047
vanilla,31,bamboo_forest,0.0960695892572403,0.9039304107427597
vanilla,32,autumn_forest,0.0626489520072937,0.9373510479927063
vanilla,33,winter_forest,0.10723721981048584,0.8927627801895142
vanilla,34,pine_forest,0.08279582858085632,0.9172041714191437
vanilla,35,misty_forest,0.07500147819519043,0.9249985218048096
vanilla,36,moonlit_forest,0.0855591893196106,0.9144408106803894
vanilla,37,wildflower_meadow,0.11748073995113373,0.8825192600488663
vanilla,38,lavender_field,0.10046831518411636,0.8995316848158836
vanilla,39,sunflower_field,0.07632826268672943,0.9236717373132706
vanilla,40,wheat_field,0.06792429089546204,0.932075709104538
vanilla,41,rice_terraces,0.07024093717336655,0.9297590628266335
vanilla,42,vineyard,0.10043205320835114,0.8995679467916489
vanilla,43,tea_plantation,0.10194326192140579,0.8980567380785942
vanilla,44,cherry_blossom,0.06671275198459625,0.9332872480154037
vanilla,45,ancient_oak,0.0770883560180664,0.9229116439819336
vanilla,46,willow_tree,0.12083977460861206,0.8791602253913879
vanilla,47,baobab_tree,0.07112877815961838,0.9288712218403816
vanilla,48,overgrown_garden,0.08425094932317734,0.9157490506768227
vanilla,49,mesa,0.06786876171827316,0.9321312382817268
vanilla,50,rock_arch,0.07517470419406891,0.9248252958059311
vanilla,51,hoodoos,0.08549633622169495,0.914503663778305
vanilla,52,sea_stacks,0.10647661238908768,0.8935233876109123
vanilla,53,salt_flat,0.06570074707269669,0.9342992529273033
vanilla,54,crystal_cave,0.08274723589420319,0.9172527641057968
vanilla,55,basalt_columns,0.06521918624639511,0.9347808137536049
vanilla,56,badlands,0.09436199069023132,0.9056380093097687
vanilla,57,high_plateau,0.0895766019821167,0.9104233980178833
vanilla,58,limestone_cliff,0.07198330014944077,0.9280166998505592
vanilla,59,medieval_castle,0.07628948986530304,0.923710510134697
vanilla,60,gothic_cathedral,0.09321756660938263,0.9067824333906174
vanilla,61,roman_ruins,0.09167502820491791,0.9083249717950821
vanilla,62,japanese_temple,0.07509560137987137,0.9249043986201286
vanilla,63,chinese_pagoda,0.06946630030870438,0.9305336996912956
vanilla,64,jungle_temple,0.13188642263412476,0.8681135773658752
vanilla,65,lighthouse,0.08137369155883789,0.9186263084411621
vanilla,66,stone_bridge,0.08974935859441757,0.9102506414055824
vanilla,67,abandoned_factory,0.0757768377661705,0.9242231622338295
vanilla,68,old_train_station,0.1199834942817688,0.8800165057182312
vanilla,69,moroccan_market,0.06861104816198349,0.9313889518380165
vanilla,70,venetian_canal,0.09534946084022522,0.9046505391597748
vanilla,71,parisian_street,0.09758199751377106,0.9024180024862289
vanilla,72,tuscan_village,0.07423797994852066,0.9257620200514793
vanilla,73,alpine_village,0.09050590544939041,0.9094940945506096
vanilla,74,nordic_village,0.09341590851545334,0.9065840914845467
vanilla,75,english_countryside,0.08376885950565338,0.9162311404943466
vanilla,76,harbor_dusk,0.0686287060379982,0.9313712939620018
vanilla,77,rooftop_city,0.09217599779367447,0.9078240022063255
vanilla,78,skyline_night,0.0950297862291336,0.9049702137708664
vanilla,79,subway_tunnel,0.09866432845592499,0.901335671544075
vanilla,80,back_alley,0.07241219282150269,0.9275878071784973
vanilla,81,stormy_sea,0.09366096556186676,0.9063390344381332
vanilla,82,calm_lake,0.06630310416221619,0.9336968958377838
vanilla,83,frozen_lake,0.09583395719528198,0.904166042804718
vanilla,84,reflection_pond,0.0935746431350708,0.9064253568649292
vanilla,85,coral_reef,0.09353791922330856,0.9064620807766914
vanilla,86,mangrove_forest,0.09383642673492432,0.9061635732650757
vanilla,87,misty_swamp,0.10225115716457367,0.8977488428354263
vanilla,88,arctic_tundra,0.06071054935455322,0.9392894506454468
vanilla,89,african_savanna,0.10050323605537415,0.8994967639446259
vanilla,90,twilight_plain,0.10075955837965012,0.8992404416203499
vanilla,91,golden_hour_field,0.08054016530513763,0.9194598346948624
vanilla,92,sunrise_mountains,0.07892780005931854,0.9210721999406815
vanilla,93,rainbow_valley,0.0730506032705307,0.9269493967294693
vanilla,94,tornado_plains,0.0703262984752655,0.9296737015247345
vanilla,95,starry_desert,0.07671979814767838,0.9232802018523216
vanilla,96,weathered_stone,0.06393560022115707,0.9360643997788429
vanilla,97,tree_bark,0.08655742555856705,0.913442574441433
vanilla,98,cracked_earth,0.14958155155181885,0.8504184484481812
vanilla,99,ivy_wall,0.08945687115192413,0.9105431288480759
