condition,face_idx,slug,det_rate,mean_conf,max_conf
cn_only,0,snowy_mountain,0.0,0.0,0.0
cn_only,1,canyon,0.0,0.0,0.0
cn_only,2,sand_dune,0.0,0.0,0.0
cn_only,3,desert,0.0,0.0,0.0
cn_only,4,mountain_stream,0.0,0.0,0.0
cn_only,5,sky,0.0,0.0,0.0
cn_only,6,village_mountains,0.0,0.0,0.0
cn_only,7,forest,0.0,0.0,0.0
cn_only,8,ancient_ruins,0.0,0.0,0.0
cn_only,9,city_street,0.0,0.0,0.0
cn_only,10,waterfall,0.0,0.0,0.0
cn_only,11,sea_cliff,0.0,0.0,0.0
cn_only,12,volcano,0.0,0.0,0.0
cn_only,13,glacier,0.0,0.0,0.0
cn_only,14,cave_entrance,0.0,0.0,0.0
cn_only,15,beach,0.0,0.0,0.0
cn_only,16,ocean_waves,0.0,0.0,0.0
cn_only,17,iceberg,0.0,0.0,0.0
cn_only,18,fjord,0.0,0.0,0.0
cn_only,19,tropical_lagoon,0.0,0.0,0.0
cn_only,20,desert_oasis,0.0,0.0,0.0
cn_only,21,hot_springs,0.0,0.0,0.0
cn_only,22,geyser,0.0,0.0,0.0
cn_only,23,aurora,0.0,0.0,0.0
cn_only,24,starry_night,0.0,0.0,0.0
cn_only,25,sunset_hills,0.0,0.0,0.0
cn_only,26,storm_clouds,0.0,0.0,0.0
cn_only,27,lightning_storm,0.0,0.0,0.0
cn_only,28,foggy_valley,0.0,0.0,0.0
cn_only,29,misty_morning,0.0,0.0,0.0
cn_only,30,rainforest,0.0,0.0,0.0
cn_only,31,bamboo_forest,0.0,0.0,0.0
cn_only,32,autumn_forest,0.0,0.0,0.0
cn_only,33,winter_forest,0.0,0.0,0.0
cn_only,34,pine_forest,0.0,0.0,0.0
cn_only,35,misty_forest,0.0,0.0,0.0
cn_only,36,moonlit_forest,0.0,0.0,0.0
cn_only,37,wildflower_meadow,0.0,0.0,0.0
cn_only,38,lavender_field,0.0,0.0,0.0
cn_only,39,sunflower_field,0.0,0.0,0.0
cn_only,40,wheat_field,0.0,0.0,0.0
cn_only,41,rice_terraces,0.0,0.0,0.0
cn_only,42,vineyard,0.0,0.0,0.0
cn_only,43,tea_plantation,0.0,0.0,0.0
cn_only,44,cherry_blossom,0.0,0.0,0.0
cn_only,45,ancient_oak,0.0,0.0,0.0
cn_only,46,willow_tree,0.0,0.0,0.0
cn_only,47,baobab_tree,0.0,0.0,0.0
cn_only,48,overgrown_garden,0.0,0.0,0.0
cn_only,49,mesa,0.0,0.0,0.0
cn_only,50,rock_arch,0.0,0.0,0.0
cn_only,51,hoodoos,0.0,0.0,0.0
cn_only,52,sea_stacks,0.0,0.0,0.0
cn_only,53,salt_flat,0.0,0.0,0.0
cn_only,54,crystal_cave,0.0,0.0,0.0
cn_only,55,basalt_columns,0.0,0.0,0.0
cn_only,56,badlands,0.0,0.0,0.0
cn_only,57,high_plateau,0.0,0.0,0.0
cn_only,58,limestone_cliff,0.0,0.0,0.0
cn_only,59,medieval_castle,0.0,0.0,0.0
cn_only,60,gothic_cathedral,0.0,0.0,0.0
cn_only,61,roman_ruins,0.0,0.0,0.0
cn_only,62,japanese_temple,0.0,0.0,0.0
cn_only,63,chinese_pagoda,0.0,0.0,0.0
cn_only,64,jungle_temple,0.0,0.0,0.0
cn_only,65,lighthouse,0.0,0.0,0.0
cn_only,66,stone_bridge,0.0,0.0,0.0
cn_only,67,abandoned_factory,0.0,0.0,0.0
cn_only,68,old_train_station,0.0,0.0,0.0
cn_only,69,moroccan_market,1.0,0.8130931324428983,0.8493301868438721
cn_only,70,venetian_canal,0.0,0.0,0.0
cn_only,71,parisian_street,0.0,0.0,0.0
cn_only,72,tuscan_village,0.0,0.0,0.0
cn_only,73,alpine_village,0.0,0.0,0.0
cn_only,74,nordic_village,0.0,0.0,0.0
cn_only,75,english_countryside,0.0,0.0,0.0
cn_only,76,harbor_dusk,0.0,0.0,0.0
cn_only,77,rooftop_city,0.0,0.0,0.0
cn_only,78,skyline_night,0.0,0.0,0.0
cn_only,79,subway_tunnel,0.0,0.0,0.0
cn_only,80,back_alley,0.0,0.0,0.0
cn_only,81,stormy_sea,0.0,0.0,0.0
cn_only,82,calm_lake,0.0,0.0,0.0
cn_only,83,frozen_lake,0.0,0.0,0.0
cn_only,84,reflection_pond,0.0,0.0,0.0
cn_only,85,coral_reef,0.0,0.0,0.0
cn_only,86,mangrove_forest,0.0,0.0,0.0
cn_only,87,misty_swamp,0.0,0.0,0.0
cn_only,88,arctic_tundra,0.0,0.0,0.0
cn_only,89,african_savanna,0.0,0.0,0.0
cn_only,90,twilight_plain,0.0,0.0,0.0
cn_only,91,golden_hour_field,0.0,0.0,0.0
cn_only,92,sunrise_mountains,0.0,0.0,0.0
cn_only,93,rainbow_valley,0.0,0.0,0.0
cn_only,94,tornado_plains,0.0,0.0,0.0
cn_only,95,starry_desert,0.0,0.0,0.0
cn_only,96,weathered_stone,0.0,0.0,0.0
cn_only,97,tree_bark,0.0,0.0,0.0
cn_only,98,cracked_earth,0.0,0.0,0.0
cn_only,99,ivy_wall,0.0,0.0,0.0
cn_ptd,0,snowy_mountain,0.0,0.0,0.0
cn_ptd,1,canyon,1.0,0.5353003378774299,0.627524733543396
cn_ptd,2,sand_dune,0.0,0.0,0.0
cn_ptd,3,desert,0.13114754098360656,0.5397719517350197,0.5786490440368652
cn_ptd,4,mountain_stream,0.0,0.0,0.0
cn_ptd,5,sky,1.0,0.5563230739265191,0.6047658920288086
cn_ptd,6,village_mountains,0.0,0.0,0.0
cn_ptd,7,forest,0.0,0.0,0.0
cn_ptd,8,ancient_ruins,0.0,0.0,0.0
cn_ptd,9,city_street,0.0,0.0,0.0
cn_ptd,10,waterfall,0.0,0.0,0.0
cn_ptd,11,sea_cliff,0.0,0.0,0.0
cn_ptd,12,volcano,0.0,0.0,0.0
cn_ptd,13,glacier,0.0,0.0,0.0
cn_ptd,14,cave_entrance,0.0,0.0,0.0
cn_ptd,15,beach,0.0,0.0,0.0
cn_ptd,16,ocean_waves,0.0,0.0,0.0
cn_ptd,17,iceberg,0.0,0.0,0.0
cn_ptd,18,fjord,0.0,0.0,0.0
cn_ptd,19,tropical_lagoon,0.5409836065573771,0.5473041552485842,0.6042347550392151
cn_ptd,20,desert_oasis,0.0,0.0,0.0
cn_ptd,21,hot_springs,0.0,0.0,0.0
cn_ptd,22,geyser,0.0,0.0,0.0
cn_ptd,23,aurora,0.0,0.0,0.0
cn_ptd,24,starry_night,0.0,0.0,0.0
cn_ptd,25,sunset_hills,0.06557377049180328,0.5179295539855957,0.5318156480789185
cn_ptd,26,storm_clouds,0.0,0.0,0.0
cn_ptd,27,lightning_storm,1.0,0.5819996849435275,0.6537797451019287
cn_ptd,28,foggy_valley,0.0,0.0,0.0
cn_ptd,29,misty_morning,0.8688524590163934,0.5469118963997319,0.5751772522926331
cn_ptd,30,rainforest,0.7868852459016393,0.5588372026880583,0.6151506304740906
cn_ptd,31,bamboo_forest,0.0,0.0,0.0
cn_ptd,32,autumn_forest,0.0,0.0,0.0
cn_ptd,33,winter_forest,0.0,0.0,0.0
cn_ptd,34,pine_forest,0.0,0.0,0.0
cn_ptd,35,misty_forest,0.03278688524590164,0.5326223969459534,0.5528100728988647
cn_ptd,36,moonlit_forest,0.0,0.0,0.0
cn_ptd,37,wildflower_meadow,0.0,0.0,0.0
cn_ptd,38,lavender_field,0.0,0.0,0.0
cn_ptd,39,sunflower_field,0.0,0.0,0.0
cn_ptd,40,wheat_field,0.0,0.0,0.0
cn_ptd,41,rice_terraces,0.0,0.0,0.0
cn_ptd,42,vineyard,0.0,0.0,0.0
cn_ptd,43,tea_plantation,0.0,0.0,0.0
cn_ptd,44,cherry_blossom,0.0,0.0,0.0
cn_ptd,45,ancient_oak,0.0,0.0,0.0
cn_ptd,46,willow_tree,0.0,0.0,0.0
cn_ptd,47,baobab_tree,0.7868852459016393,0.616802953183651,0.795019268989563
cn_ptd,48,overgrown_garden,0.0,0.0,0.0
cn_ptd,49,mesa,0.01639344262295082,0.5571250319480896,0.5571250319480896
cn_ptd,50,rock_arch,0.0,0.0,0.0
cn_ptd,51,hoodoos,0.0,0.0,0.0
cn_ptd,52,sea_stacks,0.0,0.0,0.0
cn_ptd,53,salt_flat,0.0,0.0,0.0
cn_ptd,54,crystal_cave,0.0,0.0,0.0
cn_ptd,55,basalt_columns,0.0,0.0,0.0
cn_ptd,56,badlands,0.0,0.0,0.0
cn_ptd,57,high_plateau,0.03278688524590164,0.5381556749343872,0.5388473868370056
cn_ptd,58,limestone_cliff,0.0,0.0,0.0
cn_ptd,59,medieval_castle,0.0,0.0,0.0
cn_ptd,60,gothic_cathedral,0.0,0.0,0.0
cn_ptd,61,roman_ruins,1.0,0.6602578944847232,0.6826545000076294
cn_ptd,62,japanese_temple,0.0,0.0,0.0
cn_ptd,63,chinese_pagoda,0.0,0.0,0.0
cn_ptd,64,jungle_temple,0.0,0.0,0.0
cn_ptd,65,lighthouse,0.0,0.0,0.0
cn_ptd,66,stone_bridge,0.0,0.0,0.0
cn_ptd,67,abandoned_factory,0.2459016393442623,0.7596806844075521,0.801240086555481
cn_ptd,68,old_train_station,0.0,0.0,0.0
cn_ptd,69,moroccan_market,0.4426229508196721,0.5222960865056073,0.5622972846031189
cn_ptd,70,venetian_canal,0.9508196721311475,0.5554815746586899,0.6100203990936279
cn_ptd,71,parisian_street,0.0,0.0,0.0
cn_ptd,72,tuscan_village,1.0,0.6870540702929262,0.7619649171829224
cn_ptd,73,alpine_village,0.0,0.0,0.0
cn_ptd,74,nordic_village,0.0,0.0,0.0
cn_ptd,75,english_countryside,0.0,0.0,0.0
cn_ptd,76,harbor_dusk,0.0,0.0,0.0
cn_ptd,77,rooftop_city,0.01639344262295082,0.5141802430152893,0.5141802430152893
cn_ptd,78,skyline_night,0.0,0.0,0.0
cn_ptd,79,subway_tunnel,0.0,0.0,0.0
cn_ptd,80,back_alley,0.0,0.0,0.0
cn_ptd,81,stormy_sea,0.0,0.0,0.0
cn_ptd,82,calm_lake,1.0,0.6726123329068794,0.7393389940261841
cn_ptd,83,frozen_lake,0.2786885245901639,0.534007423064288,0.6006568670272827
cn_ptd,84,reflection_pond,0.0,0.0,0.0
cn_ptd,85,coral_reef,0.0,0.0,0.0
cn_ptd,86,mangrove_forest,0.18032786885245902,0.5389062328772112,0.5840439200401306
cn_ptd,87,misty_swamp,0.0,0.0,0.0
cn_ptd,88,arctic_tundra,0.0,0.0,0.0
cn_ptd,89,african_savanna,0.0,0.0,0.0
cn_ptd,90,twilight_plain,0.0,0.0,0.0
cn_ptd,91,golden_hour_field,0.0,0.0,0.0
cn_ptd,92,sunrise_mountains,0.0,0.0,0.0
cn_ptd,93,rainbow_valley,0.0,0.0,0.0
cn_ptd,94,tornado_plains,0.01639344262295082,0.5006439685821533,0.5006439685821533
cn_ptd,95,starry_desert,0.0,0.0,0.0
cn_ptd,96,weathered_stone,0.9180327868852459,0.5439859383872577,0.5922024250030518
cn_ptd,97,tree_bark,0.4918032786885246,0.5169089277585347,0.5485805869102478
cn_ptd,98,cracked_earth,0.0,0.0,0.0
cn_ptd,99,ivy_wall,0.0,0.0,0.0
ptd_only,0,snowy_mountain,0.16393442622950818,0.5275972843170166,0.5677475929260254
ptd_only,1,canyon,1.0,0.8447432185782761,0.8660321235656738
ptd_only,2,sand_dune,0.3770491803278688,0.5338978456414264,0.6049659848213196
ptd_only,3,desert,0.0,0.0,0.0
ptd_only,4,mountain_stream,0.0,0.0,0.0
ptd_only,5,sky,1.0,0.7112461445761509,0.8172731399536133
ptd_only,6,village_mountains,0.08196721311475409,0.5140365242958069,0.5293663144111633
ptd_only,7,forest,0.0,0.0,0.0
ptd_only,8,ancient_ruins,1.0,0.5874274548937063,0.6826435923576355
ptd_only,9,city_street,0.0,0.0,0.0
ptd_only,10,waterfall,0.0,0.0,0.0
ptd_only,11,sea_cliff,0.01639344262295082,0.5026857256889343,0.5026857256889343
ptd_only,12,volcano,0.0,0.0,0.0
ptd_only,13,glacier,1.0,0.6614992237481915,0.7081419229507446
ptd_only,14,cave_entrance,1.0,0.7805640589995463,0.8469280004501343
ptd_only,15,beach,0.0,0.0,0.0
ptd_only,16,ocean_waves,0.0,0.0,0.0
ptd_only,17,iceberg,0.9180327868852459,0.518425179379327,0.5383546948432922
ptd_only,18,fjord,0.0,0.0,0.0
ptd_only,19,tropical_lagoon,0.5737704918032787,0.5262640305927822,0.5677555203437805
ptd_only,20,desert_oasis,0.7049180327868853,0.521330572838007,0.5622902512550354
ptd_only,21,hot_springs,1.0,0.7485285352488034,0.8037623167037964
ptd_only,22,geyser,0.09836065573770492,0.5115094482898712,0.5188238024711609
ptd_only,23,aurora,0.0,0.0,0.0
ptd_only,24,starry_night,0.0,0.0,0.0
ptd_only,25,sunset_hills,0.18032786885245902,0.5501146641644564,0.580025851726532
ptd_only,26,storm_clouds,0.0,0.0,0.0
ptd_only,27,lightning_storm,0.0,0.0,0.0
ptd_only,28,foggy_valley,1.0,0.8010694452973662,0.8335920572280884
ptd_only,29,misty_morning,0.4098360655737705,0.5282613587379456,0.5797057747840881
ptd_only,30,rainforest,0.0,0.0,0.0
ptd_only,31,bamboo_forest,0.0,0.0,0.0
ptd_only,32,autumn_forest,1.0,0.5670755652130627,0.6132699847221375
ptd_only,33,winter_forest,1.0,0.673683693174456,0.7792096138000488
ptd_only,34,pine_forest,1.0,0.5750436724209395,0.6519463062286377
ptd_only,35,misty_forest,1.0,0.6132571247757458,0.6333428621292114
ptd_only,36,moonlit_forest,1.0,0.5905810526159944,0.6292712688446045
ptd_only,37,wildflower_meadow,0.0,0.0,0.0
ptd_only,38,lavender_field,0.9672131147540983,0.5288375585766162,0.5579376816749573
ptd_only,39,sunflower_field,0.0,0.0,0.0
ptd_only,40,wheat_field,0.0,0.0,0.0
ptd_only,41,rice_terraces,0.0,0.0,0.0
ptd_only,42,vineyard,0.16393442622950818,0.5332046866416931,0.5520101189613342
ptd_only,43,tea_plantation,0.0,0.0,0.0
ptd_only,44,cherry_blossom,0.0,0.0,0.0
ptd_only,45,ancient_oak,0.0,0.0,0.0
ptd_only,46,willow_tree,1.0,0.6554380401236112,0.7073241472244263
ptd_only,47,baobab_tree,1.0,0.6640479623294268,0.7201520204544067
ptd_only,48,overgrown_garden,0.0,0.0,0.0
ptd_only,49,mesa,1.0,0.5760293143694518,0.5911393761634827
ptd_only,50,rock_arch,0.0,0.0,0.0
ptd_only,51,hoodoos,0.0,0.0,0.0
ptd_only,52,sea_stacks,1.0,0.6954144239425659,0.7310155630111694
ptd_only,53,salt_flat,1.0,0.592958538258662,0.6668931841850281
ptd_only,54,crystal_cave,0.9836065573770492,0.540589157740275,0.60658198595047
ptd_only,55,basalt_columns,0.0,0.0,0.0
ptd_only,56,badlands,0.0,0.0,0.0
ptd_only,57,high_plateau,0.0,0.0,0.0
ptd_only,58,limestone_cliff,1.0,0.561494387564112,0.6069988012313843
ptd_only,59,medieval_castle,0.01639344262295082,0.549250602722168,0.549250602722168
ptd_only,60,gothic_cathedral,1.0,0.8915673201201392,0.9042198657989502
ptd_only,61,roman_ruins,0.06557377049180328,0.5227040350437164,0.5386675000190735
ptd_only,62,japanese_temple,0.0,0.0,0.0
ptd_only,63,chinese_pagoda,0.0,0.0,0.0
ptd_only,64,jungle_temple,0.0,0.0,0.0
ptd_only,65,lighthouse,0.639344262295082,0.567178643666781,0.6131922006607056
ptd_only,66,stone_bridge,1.0,0.7567001102400608,0.810745120048523
ptd_only,67,abandoned_factory,0.0,0.0,0.0
ptd_only,68,old_train_station,1.0,0.8442476274537258,0.8559141159057617
ptd_only,69,moroccan_market,0.32786885245901637,0.5187891721725464,0.5936819314956665
ptd_only,70,venetian_canal,0.0,0.0,0.0
ptd_only,71,parisian_street,1.0,0.9083907868041367,0.926174521446228
ptd_only,72,tuscan_village,1.0,0.7709257495207865,0.8061758279800415
ptd_only,73,alpine_village,0.0,0.0,0.0
ptd_only,74,nordic_village,0.0,0.0,0.0
ptd_only,75,english_countryside,0.0,0.0,0.0
ptd_only,76,harbor_dusk,0.9836065573770492,0.5524522413810095,0.6165798902511597
ptd_only,77,rooftop_city,0.08196721311475409,0.5568275570869445,0.5881891250610352
ptd_only,78,skyline_night,0.0,0.0,0.0
ptd_only,79,subway_tunnel,1.0,0.841696271153747,0.8579870462417603
ptd_only,80,back_alley,1.0,0.7882296061906658,0.8474580645561218
ptd_only,81,stormy_sea,0.0,0.0,0.0
ptd_only,82,calm_lake,0.9180327868852459,0.5433864550931113,0.5991551876068115
ptd_only,83,frozen_lake,0.9672131147540983,0.7386214611893993,0.8015532493591309
ptd_only,84,reflection_pond,0.0,0.0,0.0
ptd_only,85,coral_reef,0.0,0.0,0.0
ptd_only,86,mangrove_forest,0.0,0.0,0.0
ptd_only,87,misty_swamp,1.0,0.6930224465542152,0.7782216668128967
ptd_only,88,arctic_tundra,0.01639344262295082,0.5220392942428589,0.5220392942428589
ptd_only,89,african_savanna,0.0,0.0,0.0
ptd_only,90,twilight_plain,0.0,0.0,0.0
ptd_only,91,golden_hour_field,1.0,0.6197515335239348,0.6498178243637085
ptd_only,92,sunrise_mountains,0.0,0.0,0.0
ptd_only,93,rainbow_valley,0.0,0.0,0.0
ptd_only,94,tornado_plains,0.0,0.0,0.0
ptd_only,95,starry_desert,0.0,0.0,0.0
ptd_only,96,weathered_stone,0.2786885245901639,0.5715769108603982,0.6586176753044128
ptd_only,97,tree_bark,0.08196721311475409,0.5348313927650452,0.5559070706367493
ptd_only,98,cracked_earth,0.0,0.0,0.0
ptd_only,99,ivy_wall,0.0,0.0,0.0
vanilla,0,snowy_mountain,0.01639344262295082,0.6152377724647522,0.6152377724647522
vanilla,1,canyon,0.16393442622950818,0.5136737406253815,0.537242591381073
vanilla,2,sand_dune,0.3114754098360656,0.6878853471655595,0.7358895540237427
vanilla,3,desert,0.0,0.0,0.0
vanilla,4,mountain_stream,0.0,0.0,0.0
vanilla,5,sky,0.0,0.0,0.0
vanilla,6,village_mountains,0.0,0.0,0.0
vanilla,7,forest,0.0,0.0,0.0
vanilla,8,ancient_ruins,0.0,0.0,0.0
vanilla,9,city_street,0.0,0.0,0.0
vanilla,10,waterfall,0.01639344262295082,0.5255469083786011,0.5255469083786011
vanilla,11,sea_cliff,0.01639344262295082,0.5054380297660828,0.5054380297660828
vanilla,12,volcano,0.01639344262295082,0.5232235789299011,0.5232235789299011
vanilla,13,glacier,0.26229508196721313,0.5646574981510639,0.5858476758003235
vanilla,14,cave_entrance,0.9672131147540983,0.6445336624727411,0.7477496862411499
vanilla,15,beach,0.0,0.0,0.0
vanilla,16,ocean_waves,0.3770491803278688,0.5368513413097548,0.5952856540679932
vanilla,17,iceberg,0.0,0.0,0.0
vanilla,18,fjord,0.01639344262295082,0.50475013256073,0.50475013256073
vanilla,19,tropical_lagoon,0.6065573770491803,0.5186214140943579,0.5539451837539673
vanilla,20,desert_oasis,0.19672131147540983,0.5267287045717239,0.5815027356147766
vanilla,21,hot_springs,0.01639344262295082,0.5026630163192749,0.5026630163192749
vanilla,22,geyser,0.2786885245901639,0.5696794320555294,0.6742826700210571
vanilla,23,aurora,0.0,0.0,0.0
vanilla,24,starry_night,0.01639344262295082,0.6223486065864563,0.6223486065864563
vanilla,25,sunset_hills,0.0,0.0,0.0
vanilla,26,storm_clouds,0.04918032786885246,0.5741994976997375,0.6267797350883484
vanilla,27,lightning_storm,0.0,0.0,0.0
vanilla,28,foggy_valley,0.0,0.0,0.0
vanilla,29,misty_morning,0.5901639344262295,0.5683146102560891,0.6546476483345032
vanilla,30,rainforest,1.0,0.8182427062362921,0.8890973329544067
vanilla,31,bamboo_forest,0.639344262295082,0.5345324079195658,0.5847834944725037
vanilla,32,autumn_forest,0.22950819672131148,0.6230835233415876,0.6767575144767761
vanilla,33,winter_forest,0.8360655737704918,0.7489520685345519,0.8077001571655273
vanilla,34,pine_forest,0.09836065573770492,0.5153148670991262,0.5260990858078003
vanilla,35,misty_forest,1.0,0.6229205825289742,0.6749422550201416
vanilla,36,moonlit_forest,0.0,0.0,0.0
vanilla,37,wildflower_meadow,0.0,0.0,0.0
vanilla,38,lavender_field,0.6721311475409836,0.5285719124282279,0.5536128878593445
vanilla,39,sunflower_field,0.0,0.0,0.0
vanilla,40,wheat_field,0.0,0.0,0.0
vanilla,41,rice_terraces,0.0,0.0,0.0
vanilla,42,vineyard,0.5901639344262295,0.7479861395226585,0.8616284132003784
vanilla,43,tea_plantation,0.01639344262295082,0.5769466757774353,0.5769466757774353
vanilla,44,cherry_blossom,0.5901639344262295,0.7064318027761247,0.8493160605430603
vanilla,45,ancient_oak,0.639344262295082,0.525115450223287,0.5625430345535278
vanilla,46,willow_tree,0.26229508196721313,0.6524949073791504,0.6716302633285522
vanilla,47,baobab_tree,0.0,0.0,0.0
vanilla,48,overgrown_garden,0.01639344262295082,0.6714667081832886,0.6714667081832886
vanilla,49,mesa,0.03278688524590164,0.5299590826034546,0.5463595986366272
vanilla,50,rock_arch,0.0,0.0,0.0
vanilla,51,hoodoos,0.0,0.0,0.0
vanilla,52,sea_stacks,0.3114754098360656,0.7147924805942335,0.7597918510437012
vanilla,53,salt_flat,0.2459016393442623,0.5769601504007975,0.5938792824745178
vanilla,54,crystal_cave,0.26229508196721313,0.5314490795135498,0.5716288685798645
vanilla,55,basalt_columns,0.01639344262295082,0.6259710192680359,0.6259710192680359
vanilla,56,badlands,0.19672131147540983,0.5806620419025421,0.6215276122093201
vanilla,57,high_plateau,0.0,0.0,0.0
vanilla,58,limestone_cliff,0.7704918032786885,0.8477842604860346,0.8921128511428833
vanilla,59,medieval_castle,0.22950819672131148,0.5792863283838544,0.6286427974700928
vanilla,60,gothic_cathedral,0.01639344262295082,0.5698872804641724,0.5698872804641724
vanilla,61,roman_ruins,0.03278688524590164,0.5068835616111755,0.507516086101532
vanilla,62,japanese_temple,0.22950819672131148,0.5529992026942117,0.5856322050094604
vanilla,63,chinese_pagoda,0.0,0.0,0.0
vanilla,64,jungle_temple,0.0,0.0,0.0
vanilla,65,lighthouse,0.03278688524590164,0.5170487463474274,0.5332818031311035
vanilla,66,stone_bridge,0.0,0.0,0.0
vanilla,67,abandoned_factory,0.18032786885245902,0.5351181084459479,0.5627356171607971
vanilla,68,old_train_station,0.03278688524590164,0.8145128488540649,0.8483355045318604
vanilla,69,moroccan_market,0.9836065573770492,0.5807271202405294,0.6774027347564697
vanilla,70,venetian_canal,0.0,0.0,0.0
vanilla,71,parisian_street,0.26229508196721313,0.5633347146213055,0.5825639367103577
vanilla,72,tuscan_village,0.0,0.0,0.0
vanilla,73,alpine_village,0.819672131147541,0.8272166228294373,0.8639379739761353
vanilla,74,nordic_village,0.0,0.0,0.0
vanilla,75,english_countryside,0.0,0.0,0.0
vanilla,76,harbor_dusk,0.0,0.0,0.0
vanilla,77,rooftop_city,0.0,0.0,0.0
vanilla,78,skyline_night,0.01639344262295082,0.5137742161750793,0.5137742161750793
vanilla,79,subway_tunnel,1.0,0.7939165850154689,0.86564040184021
vanilla,80,back_alley,0.0,0.0,0.0
vanilla,81,stormy_sea,0.16393442622950818,0.5441056966781617,0.6309470534324646
vanilla,82,calm_lake,0.4918032786885246,0.5427605966726939,0.6200077533721924
vanilla,83,frozen_lake,0.03278688524590164,0.5900883078575134,0.6296684741973877
vanilla,84,reflection_pond,0.36065573770491804,0.520883400331844,0.558614194393158
vanilla,85,coral_reef,0.0,0.0,0.0
vanilla,86,mangrove_forest,0.04918032786885246,0.616036057472229,0.7008426189422607
vanilla,87,misty_swamp,0.0,0.0,0.0
vanilla,88,arctic_tundra,0.4098360655737705,0.5118505787849427,0.5393838286399841
vanilla,89,african_savanna,0.0,0.0,0.0
vanilla,90,twilight_plain,0.0,0.0,0.0
vanilla,91,golden_hour_field,1.0,0.5458281587381832,0.6084082126617432
vanilla,92,sunrise_mountains,0.0,0.0,0.0
vanilla,93,rainbow_valley,0.01639344262295082,0.5029080510139465,0.5029080510139465
vanilla,94,tornado_plains,0.0,0.0,0.0
vanilla,95,starry_desert,0.0,0.0,0.0
vanilla,96,weathered_stone,0.7868852459016393,0.6323151737451553,0.7458460927009583
vanilla,97,tree_bark,0.0,0.0,0.0
vanilla,98,cracked_earth,0.01639344262295082,0.5122556090354919,0.5122556090354919
vanilla,99,ivy_wall,0.0,0.0,0.0
