condition,face_idx,slug,viclip
cn_only,0,snowy_mountain,0.31155675649642944
cn_only,1,canyon,0.24867266416549683
cn_only,2,sand_dune,0.23232842981815338
cn_only,3,desert,0.350051611661911
cn_only,4,mountain_stream,0.3281090259552002
cn_only,5,sky,0.1923399269580841
cn_only,6,village_mountains,0.34065163135528564
cn_only,7,forest,0.22987428307533264
cn_only,8,ancient_ruins,0.23362313210964203
cn_only,9,city_street,0.2899520993232727
cn_only,10,waterfall,0.33204185962677
cn_only,11,sea_cliff,0.28376108407974243
cn_only,12,volcano,0.3595452904701233
cn_only,13,glacier,0.20173394680023193
cn_only,14,cave_entrance,0.23483633995056152
cn_only,15,beach,0.3143937587738037
cn_only,16,ocean_waves,0.32503020763397217
cn_only,17,iceberg,0.3412317633628845
cn_only,18,fjord,0.22813846170902252
cn_only,19,tropical_lagoon,0.30419641733169556
cn_only,20,desert_oasis,0.35218071937561035
cn_only,21,hot_springs,0.283735990524292
cn_only,22,geyser,0.31690144538879395
cn_only,23,aurora,0.36660629510879517
cn_only,24,starry_night,0.29028040170669556
cn_only,25,sunset_hills,0.2512664198875427
cn_only,26,storm_clouds,0.2602098286151886
cn_only,27,lightning_storm,0.349193811416626
cn_only,28,foggy_valley,0.2671245038509369
cn_only,29,misty_morning,0.2580091953277588
cn_only,30,rainforest,0.2615874409675598
cn_only,31,bamboo_forest,0.26660430431365967
cn_only,32,autumn_forest,0.3542184829711914
cn_only,33,winter_forest,0.3155354857444763
cn_only,34,pine_forest,0.29318171739578247
cn_only,35,misty_forest,0.22804801166057587
cn_only,36,moonlit_forest,0.2913132309913635
cn_only,37,wildflower_meadow,0.3084414005279541
cn_only,38,lavender_field,0.33199289441108704
cn_only,39,sunflower_field,0.312264084815979
cn_only,40,wheat_field,0.34526166319847107
cn_only,41,rice_terraces,0.2831365466117859
cn_only,42,vineyard,0.33473002910614014
cn_only,43,tea_plantation,0.32015740871429443
cn_only,44,cherry_blossom,0.2909628450870514
cn_only,45,ancient_oak,0.32197538018226624
cn_only,46,willow_tree,0.301264226436615
cn_only,47,baobab_tree,0.38966578245162964
cn_only,48,overgrown_garden,0.27890709042549133
cn_only,49,mesa,0.33417803049087524
cn_only,50,rock_arch,0.3230210840702057
cn_only,51,hoodoos,0.32057249546051025
cn_only,52,sea_stacks,0.2957249879837036
cn_only,53,salt_flat,0.23544946312904358
cn_only,54,crystal_cave,0.34919360280036926
cn_only,55,basalt_columns,0.3147420883178711
cn_only,56,badlands,0.29264962673187256
cn_only,57,high_plateau,0.2598545253276825
cn_only,58,limestone_cliff,0.2640940248966217
cn_only,59,medieval_castle,0.36740320920944214
cn_only,60,gothic_cathedral,0.2523849606513977
cn_only,61,roman_ruins,0.32872647047042847
cn_only,62,japanese_temple,0.278170108795166
cn_only,63,chinese_pagoda,0.3190353512763977
cn_only,64,jungle_temple,0.3066658079624176
cn_only,65,lighthouse,0.3116223216056824
cn_only,66,stone_bridge,0.2689811587333679
cn_only,67,abandoned_factory,0.2213914394378662
cn_only,68,old_train_station,0.3212648034095764
cn_only,69,moroccan_market,0.3067779541015625
cn_only,70,venetian_canal,0.33046841621398926
cn_only,71,parisian_street,0.34622645378112793
cn_only,72,tuscan_village,0.34085530042648315
cn_only,73,alpine_village,0.3364168703556061
cn_only,74,nordic_village,0.29952317476272583
cn_only,75,english_countryside,0.28023549914360046
cn_only,76,harbor_dusk,0.3263401985168457
cn_only,77,rooftop_city,0.3207882046699524
cn_only,78,skyline_night,0.3201884925365448
cn_only,79,subway_tunnel,0.26733940839767456
cn_only,80,back_alley,0.27674955129623413
cn_only,81,stormy_sea,0.34698349237442017
cn_only,82,calm_lake,0.2732180058956146
cn_only,83,frozen_lake,0.2951565086841583
cn_only,84,reflection_pond,0.3388128876686096
cn_only,85,coral_reef,0.27249467372894287
cn_only,86,mangrove_forest,0.2109188735485077
cn_only,87,misty_swamp,0.279073029756546
cn_only,88,arctic_tundra,0.3002595901489258
cn_only,89,african_savanna,0.33790403604507446
cn_only,90,twilight_plain,0.2794490456581116
cn_only,91,golden_hour_field,0.3245762586593628
cn_only,92,sunrise_mountains,0.29660120606422424
cn_only,93,rainbow_valley,0.3469123840332031
cn_only,94,tornado_plains,0.36690598726272583
cn_only,95,starry_desert,0.35153308510780334
cn_only,96,weathered_stone,0.29495275020599365
cn_only,97,tree_bark,0.3223043382167816
cn_only,98,cracked_earth,0.34120750427246094
cn_only,99,ivy_wall,0.368375688791275
cn_ptd,0,snowy_mountain,0.2866065204143524
cn_ptd,1,canyon,0.20722714066505432
cn_ptd,2,sand_dune,0.21828001737594604
cn_ptd,3,desert,0.18729020655155182
cn_ptd,4,mountain_stream,0.2721216678619385
cn_ptd,5,sky,0.15407425165176392
cn_ptd,6,village_mountains,0.22925512492656708
cn_ptd,7,forest,0.22643105685710907
cn_ptd,8,ancient_ruins,0.28473415970802307
cn_ptd,9,city_street,0.28335756063461304
cn_ptd,10,waterfall,0.3333871364593506
cn_ptd,11,sea_cliff,0.26157301664352417
cn_ptd,12,volcano,0.3392792046070099
cn_ptd,13,glacier,0.20337983965873718
cn_ptd,14,cave_entrance,0.2737686038017273
cn_ptd,15,beach,0.2913784682750702
cn_ptd,16,ocean_waves,0.2904965281486511
cn_ptd,17,iceberg,0.31592658162117004
cn_ptd,18,fjord,0.21937817335128784
cn_ptd,19,tropical_lagoon,0.1588324010372162
cn_ptd,20,desert_oasis,0.24034424126148224
cn_ptd,21,hot_springs,0.1157020777463913
cn_ptd,22,geyser,0.27734610438346863
cn_ptd,23,aurora,0.28555378317832947
cn_ptd,24,starry_night,0.30477458238601685
cn_ptd,25,sunset_hills,0.21890534460544586
cn_ptd,26,storm_clouds,0.2502286434173584
cn_ptd,27,lightning_storm,0.2930182218551636
cn_ptd,28,foggy_valley,0.25704410672187805
cn_ptd,29,misty_morning,0.1871316134929657
cn_ptd,30,rainforest,0.23819276690483093
cn_ptd,31,bamboo_forest,0.20457948744297028
cn_ptd,32,autumn_forest,0.31514933705329895
cn_ptd,33,winter_forest,0.29567039012908936
cn_ptd,34,pine_forest,0.24907934665679932
cn_ptd,35,misty_forest,0.18237560987472534
cn_ptd,36,moonlit_forest,0.22125045955181122
cn_ptd,37,wildflower_meadow,0.26071953773498535
cn_ptd,38,lavender_field,0.27459660172462463
cn_ptd,39,sunflower_field,0.2645844519138336
cn_ptd,40,wheat_field,0.32894349098205566
cn_ptd,41,rice_terraces,0.24716095626354218
cn_ptd,42,vineyard,0.20094040036201477
cn_ptd,43,tea_plantation,0.3100513815879822
cn_ptd,44,cherry_blossom,0.22647126019001007
cn_ptd,45,ancient_oak,0.21946707367897034
cn_ptd,46,willow_tree,0.17822599411010742
cn_ptd,47,baobab_tree,0.33021873235702515
cn_ptd,48,overgrown_garden,0.18775658309459686
cn_ptd,49,mesa,0.1436234712600708
cn_ptd,50,rock_arch,0.34419897198677063
cn_ptd,51,hoodoos,0.2546665668487549
cn_ptd,52,sea_stacks,0.2605637311935425
cn_ptd,53,salt_flat,0.15393732488155365
cn_ptd,54,crystal_cave,0.2679363489151001
cn_ptd,55,basalt_columns,0.13699421286582947
cn_ptd,56,badlands,0.1225610077381134
cn_ptd,57,high_plateau,0.1711607575416565
cn_ptd,58,limestone_cliff,0.20636196434497833
cn_ptd,59,medieval_castle,0.34357431530952454
cn_ptd,60,gothic_cathedral,0.2685938775539398
cn_ptd,61,roman_ruins,0.14335185289382935
cn_ptd,62,japanese_temple,0.2551233470439911
cn_ptd,63,chinese_pagoda,0.2043226957321167
cn_ptd,64,jungle_temple,0.3614530861377716
cn_ptd,65,lighthouse,0.25624117255210876
cn_ptd,66,stone_bridge,0.2701534628868103
cn_ptd,67,abandoned_factory,0.22022876143455505
cn_ptd,68,old_train_station,0.1698257476091385
cn_ptd,69,moroccan_market,0.24578332901000977
cn_ptd,70,venetian_canal,0.25864240527153015
cn_ptd,71,parisian_street,0.32590916752815247
cn_ptd,72,tuscan_village,0.21745935082435608
cn_ptd,73,alpine_village,0.2470797747373581
cn_ptd,74,nordic_village,0.1857205182313919
cn_ptd,75,english_countryside,0.22765955328941345
cn_ptd,76,harbor_dusk,0.25404536724090576
cn_ptd,77,rooftop_city,0.19033655524253845
cn_ptd,78,skyline_night,0.22591719031333923
cn_ptd,79,subway_tunnel,0.24184828996658325
cn_ptd,80,back_alley,0.2676571011543274
cn_ptd,81,stormy_sea,0.2925786077976227
cn_ptd,82,calm_lake,0.22112113237380981
cn_ptd,83,frozen_lake,0.2824561595916748
cn_ptd,84,reflection_pond,0.30270490050315857
cn_ptd,85,coral_reef,0.1565726399421692
cn_ptd,86,mangrove_forest,0.2326676845550537
cn_ptd,87,misty_swamp,0.10762092471122742
cn_ptd,88,arctic_tundra,0.21547335386276245
cn_ptd,89,african_savanna,0.2287714034318924
cn_ptd,90,twilight_plain,0.202045738697052
cn_ptd,91,golden_hour_field,0.2804732024669647
cn_ptd,92,sunrise_mountains,0.31477102637290955
cn_ptd,93,rainbow_valley,0.30057457089424133
cn_ptd,94,tornado_plains,0.1394006907939911
cn_ptd,95,starry_desert,0.2822261154651642
cn_ptd,96,weathered_stone,0.17866083979606628
cn_ptd,97,tree_bark,0.08498845994472504
cn_ptd,98,cracked_earth,0.2607567310333252
cn_ptd,99,ivy_wall,0.36273902654647827
ptd_only,0,snowy_mountain,0.2173803448677063
ptd_only,1,canyon,0.12535446882247925
ptd_only,2,sand_dune,0.0463937371969223
ptd_only,3,desert,0.05834560841321945
ptd_only,4,mountain_stream,-0.0105036161839962
ptd_only,5,sky,0.15390126407146454
ptd_only,6,village_mountains,0.2505605220794678
ptd_only,7,forest,0.1389392465353012
ptd_only,8,ancient_ruins,0.26064640283584595
ptd_only,9,city_street,0.03756827116012573
ptd_only,10,waterfall,0.16959908604621887
ptd_only,11,sea_cliff,0.041903018951416016
ptd_only,12,volcano,-0.05333811044692993
ptd_only,13,glacier,0.015327926725149155
ptd_only,14,cave_entrance,0.15871603786945343
ptd_only,15,beach,-0.034952908754348755
ptd_only,16,ocean_waves,0.1414344608783722
ptd_only,17,iceberg,0.013082623481750488
ptd_only,18,fjord,0.00944053940474987
ptd_only,19,tropical_lagoon,-0.02446647733449936
ptd_only,20,desert_oasis,0.04917709156870842
ptd_only,21,hot_springs,0.1308491975069046
ptd_only,22,geyser,0.05994170531630516
ptd_only,23,aurora,0.12019006907939911
ptd_only,24,starry_night,0.21086859703063965
ptd_only,25,sunset_hills,0.03393346443772316
ptd_only,26,storm_clouds,0.1771523356437683
ptd_only,27,lightning_storm,0.02106981724500656
ptd_only,28,foggy_valley,-0.030316846445202827
ptd_only,29,misty_morning,0.019987594336271286
ptd_only,30,rainforest,0.1774330586194992
ptd_only,31,bamboo_forest,0.05299878492951393
ptd_only,32,autumn_forest,0.015508877113461494
ptd_only,33,winter_forest,0.20670631527900696
ptd_only,34,pine_forest,0.10835743695497513
ptd_only,35,misty_forest,0.045412756502628326
ptd_only,36,moonlit_forest,-0.1087285578250885
ptd_only,37,wildflower_meadow,0.032555535435676575
ptd_only,38,lavender_field,0.0569877028465271
ptd_only,39,sunflower_field,-0.021626848727464676
ptd_only,40,wheat_field,0.1736675202846527
ptd_only,41,rice_terraces,-0.055192507803440094
ptd_only,42,vineyard,0.12875902652740479
ptd_only,43,tea_plantation,0.03718433529138565
ptd_only,44,cherry_blossom,0.19933778047561646
ptd_only,45,ancient_oak,0.25985610485076904
ptd_only,46,willow_tree,-0.04756755009293556
ptd_only,47,baobab_tree,-0.04143444076180458
ptd_only,48,overgrown_garden,0.1727777123451233
ptd_only,49,mesa,-0.027062341570854187
ptd_only,50,rock_arch,0.0499514639377594
ptd_only,51,hoodoos,0.0687948614358902
ptd_only,52,sea_stacks,-0.05042362958192825
ptd_only,53,salt_flat,0.053541600704193115
ptd_only,54,crystal_cave,0.07607866823673248
ptd_only,55,basalt_columns,-0.006993383169174194
ptd_only,56,badlands,0.011144716292619705
ptd_only,57,high_plateau,0.04146299138665199
ptd_only,58,limestone_cliff,0.02586236782371998
ptd_only,59,medieval_castle,0.29091134667396545
ptd_only,60,gothic_cathedral,0.12903229892253876
ptd_only,61,roman_ruins,0.12611685693264008
ptd_only,62,japanese_temple,0.1264195591211319
ptd_only,63,chinese_pagoda,-0.07869080454111099
ptd_only,64,jungle_temple,0.3537052571773529
ptd_only,65,lighthouse,0.029532024636864662
ptd_only,66,stone_bridge,0.11634775996208191
ptd_only,67,abandoned_factory,0.04505227133631706
ptd_only,68,old_train_station,0.09723833203315735
ptd_only,69,moroccan_market,0.1222303956747055
ptd_only,70,venetian_canal,-0.027606025338172913
ptd_only,71,parisian_street,0.11714310944080353
ptd_only,72,tuscan_village,0.24799565970897675
ptd_only,73,alpine_village,0.025751203298568726
ptd_only,74,nordic_village,-0.015110371634364128
ptd_only,75,english_countryside,-0.010892221704125404
ptd_only,76,harbor_dusk,0.09714774787425995
ptd_only,77,rooftop_city,-0.03509032726287842
ptd_only,78,skyline_night,0.09989651292562485
ptd_only,79,subway_tunnel,0.13912621140480042
ptd_only,80,back_alley,0.18947935104370117
ptd_only,81,stormy_sea,0.24359269440174103
ptd_only,82,calm_lake,0.03039226308465004
ptd_only,83,frozen_lake,0.12040294706821442
ptd_only,84,reflection_pond,0.1119627133011818
ptd_only,85,coral_reef,-0.029729630798101425
ptd_only,86,mangrove_forest,0.13013331592082977
ptd_only,87,misty_swamp,0.1721992939710617
ptd_only,88,arctic_tundra,0.16272088885307312
ptd_only,89,african_savanna,-0.06697416305541992
ptd_only,90,twilight_plain,-0.04880144074559212
ptd_only,91,golden_hour_field,0.050377510488033295
ptd_only,92,sunrise_mountains,-0.04113825038075447
ptd_only,93,rainbow_valley,0.18994346261024475
ptd_only,94,tornado_plains,-0.024940233677625656
ptd_only,95,starry_desert,-0.02355455607175827
ptd_only,96,weathered_stone,0.1985163688659668
ptd_only,97,tree_bark,0.06639175117015839
ptd_only,98,cracked_earth,0.09133374691009521
ptd_only,99,ivy_wall,0.064161516726017
vanilla,0,snowy_mountain,0.1269201636314392
vanilla,1,canyon,0.25017207860946655
vanilla,2,sand_dune,0.0531911626458168
vanilla,3,desert,0.09140502661466599
vanilla,4,mountain_stream,0.22970780730247498
vanilla,5,sky,0.09564550220966339
vanilla,6,village_mountains,-0.012893671169877052
vanilla,7,forest,0.0947260856628418
vanilla,8,ancient_ruins,0.13613557815551758
vanilla,9,city_street,0.05744794011116028
vanilla,10,waterfall,0.04843524098396301
vanilla,11,sea_cliff,0.24117735028266907
vanilla,12,volcano,0.1920192539691925
vanilla,13,glacier,0.22781765460968018
vanilla,14,cave_entrance,0.09233628213405609
vanilla,15,beach,0.06380392611026764
vanilla,16,ocean_waves,0.09745564311742783
vanilla,17,iceberg,0.23641908168792725
vanilla,18,fjord,0.13298431038856506
vanilla,19,tropical_lagoon,-0.043180033564567566
vanilla,20,desert_oasis,0.039635270833969116
vanilla,21,hot_springs,0.05647818371653557
vanilla,22,geyser,0.212015300989151
vanilla,23,aurora,0.2779023349285126
vanilla,24,starry_night,0.12631471455097198
vanilla,25,sunset_hills,0.1287156641483307
vanilla,26,storm_clouds,0.09427398443222046
vanilla,27,lightning_storm,0.019464557990431786
vanilla,28,foggy_valley,-0.05399838089942932
vanilla,29,misty_morning,0.016371585428714752
vanilla,30,rainforest,0.11840426921844482
vanilla,31,bamboo_forest,0.013777082785964012
vanilla,32,autumn_forest,0.014187720604240894
vanilla,33,winter_forest,0.09013295918703079
vanilla,34,pine_forest,0.06273253262042999
vanilla,35,misty_forest,0.0347437746822834
vanilla,36,moonlit_forest,0.011414587497711182
vanilla,37,wildflower_meadow,0.010224947705864906
vanilla,38,lavender_field,-0.0045356061309576035
vanilla,39,sunflower_field,0.209019273519516
vanilla,40,wheat_field,-0.0064892396330833435
vanilla,41,rice_terraces,0.015481734648346901
vanilla,42,vineyard,0.16993635892868042
vanilla,43,tea_plantation,0.29169410467147827
vanilla,44,cherry_blossom,0.09389762580394745
vanilla,45,ancient_oak,-0.03697575628757477
vanilla,46,willow_tree,0.17851904034614563
vanilla,47,baobab_tree,0.002316772937774658
vanilla,48,overgrown_garden,0.1785164177417755
vanilla,49,mesa,0.23704102635383606
vanilla,50,rock_arch,0.0481451191008091
vanilla,51,hoodoos,0.19143886864185333
vanilla,52,sea_stacks,0.2666129767894745
vanilla,53,salt_flat,0.08418460190296173
vanilla,54,crystal_cave,0.13228805363178253
vanilla,55,basalt_columns,0.13258294761180878
vanilla,56,badlands,0.03398437798023224
vanilla,57,high_plateau,0.08238601684570312
vanilla,58,limestone_cliff,0.13802598416805267
vanilla,59,medieval_castle,0.2750205099582672
vanilla,60,gothic_cathedral,0.10419496148824692
vanilla,61,roman_ruins,0.05618743225932121
vanilla,62,japanese_temple,-0.0857551097869873
vanilla,63,chinese_pagoda,-0.031499236822128296
vanilla,64,jungle_temple,0.20348520576953888
vanilla,65,lighthouse,0.22724759578704834
vanilla,66,stone_bridge,-0.0026134029030799866
vanilla,67,abandoned_factory,0.10099850594997406
vanilla,68,old_train_station,0.2664130926132202
vanilla,69,moroccan_market,-0.005616888403892517
vanilla,70,venetian_canal,0.009664211422204971
vanilla,71,parisian_street,0.030343692749738693
vanilla,72,tuscan_village,0.05740106478333473
vanilla,73,alpine_village,0.09386569261550903
vanilla,74,nordic_village,0.00980912521481514
vanilla,75,english_countryside,0.005619402974843979
vanilla,76,harbor_dusk,-0.02148398756980896
vanilla,77,rooftop_city,-0.031896620988845825
vanilla,78,skyline_night,0.14963632822036743
vanilla,79,subway_tunnel,0.1590878665447235
vanilla,80,back_alley,0.2116052210330963
vanilla,81,stormy_sea,0.2690247595310211
vanilla,82,calm_lake,0.02657375857234001
vanilla,83,frozen_lake,0.036931756883859634
vanilla,84,reflection_pond,-0.02227960154414177
vanilla,85,coral_reef,0.032281264662742615
vanilla,86,mangrove_forest,0.12682105600833893
vanilla,87,misty_swamp,0.10878077149391174
vanilla,88,arctic_tundra,0.02855786681175232
vanilla,89,african_savanna,0.025630522519350052
vanilla,90,twilight_plain,0.004639007151126862
vanilla,91,golden_hour_field,0.041572824120521545
vanilla,92,sunrise_mountains,0.034452173858881
vanilla,93,rainbow_valley,0.11665160208940506
vanilla,94,tornado_plains,-0.0031077712774276733
vanilla,95,starry_desert,-0.04976467788219452
vanilla,96,weathered_stone,0.09755337238311768
vanilla,97,tree_bark,0.20544451475143433
vanilla,98,cracked_earth,0.1837405413389206
vanilla,99,ivy_wall,0.10424601286649704
